No,Username,Profile_URL
1,anghodu_9misj,https://instagram.com/anghodu_9misj/
2,daegutang_okgye,https://instagram.com/daegutang_okgye/
3,choi_tokki99,https://instagram.com/choi_tokki99/
4,10v_111,https://instagram.com/10v_111/
5,jayla_story,https://instagram.com/jayla_story/
6,luckyduckyland,https://instagram.com/luckyduckyland/
7,y3_yo0n,https://instagram.com/y3_yo0n/
8,coach_renz23,https://instagram.com/coach_renz23/
9,five5tar_kr,https://instagram.com/five5tar_kr/
10,krlee3282,https://instagram.com/krlee3282/
11,singsing_daegu,https://instagram.com/singsing_daegu/
12,ranranmom88,https://instagram.com/ranranmom88/
13,daisy_family_daily,https://instagram.com/daisy_family_daily/
14,gumi_secretbeauty,https://instagram.com/gumi_secretbeauty/
15,jeysoi.mom,https://instagram.com/jeysoi.mom/
16,eyemi_official,https://instagram.com/eyemi_official/
17,jinsup_dog,https://instagram.com/jinsup_dog/
18,daengnyangbutlersmall,https://instagram.com/daengnyangbutlersmall/
19,bookshop_dog,https://instagram.com/bookshop_dog/
20,ohmama_vely,https://instagram.com/ohmama_vely/
